{"cameraMode":{"drawMode":0,"name":"Shaded","section":"Shading Mode"},"sceneLighting":false,"audioPlay":false,"sceneViewState":{"showFog":true,"showMaterialUpdate":false,"showSkybox":false,"showFlares":true,"showImageEffects":true,"showParticleSystems":true},"in2DMode":false,"pivot":{"x":21.782669067382814,"y":11.92208480834961,"z":17.513835906982423},"rotation":{"x":0.08197331428527832,"y":0.9061163067817688,"z":-0.20625346899032594,"w":0.36012938618659975},"size":16.65740203857422,"orthographic":false}