{"cameraMode":{"drawMode":0,"name":"Shaded","section":"Shading Mode"},"sceneLighting":true,"audioPlay":false,"sceneViewState":{"showFog":true,"showMaterialUpdate":false,"showSkybox":true,"showFlares":true,"showImageEffects":true,"showParticleSystems":true},"in2DMode":false,"pivot":{"x":-23.114898681640626,"y":49.77782440185547,"z":-4.4660868644714359},"rotation":{"x":-0.06926067173480988,"y":0.7120246887207031,"z":-0.07094493508338928,"w":-0.6951192021369934},"size":147.4341278076172,"orthographic":false}